-- MySQL dump 10.13  Distrib 5.7.23, for Linux (x86_64)
--
-- Host: localhost    Database: upm
-- ------------------------------------------------------
-- Server version	5.7.23-0ubuntu0.18.04.1

/*!40101 SET @OLD_CHARACTER_SET_CLIENT=@@CHARACTER_SET_CLIENT */;
/*!40101 SET @OLD_CHARACTER_SET_RESULTS=@@CHARACTER_SET_RESULTS */;
/*!40101 SET @OLD_COLLATION_CONNECTION=@@COLLATION_CONNECTION */;
/*!40101 SET NAMES utf8 */;
/*!40103 SET @OLD_TIME_ZONE=@@TIME_ZONE */;
/*!40103 SET TIME_ZONE='+00:00' */;
/*!40014 SET @OLD_UNIQUE_CHECKS=@@UNIQUE_CHECKS, UNIQUE_CHECKS=0 */;
/*!40014 SET @OLD_FOREIGN_KEY_CHECKS=@@FOREIGN_KEY_CHECKS, FOREIGN_KEY_CHECKS=0 */;
/*!40101 SET @OLD_SQL_MODE=@@SQL_MODE, SQL_MODE='NO_AUTO_VALUE_ON_ZERO' */;
/*!40111 SET @OLD_SQL_NOTES=@@SQL_NOTES, SQL_NOTES=0 */;

--
-- Table structure for table `install`
--

DROP TABLE IF EXISTS `install`;
/*!40101 SET @saved_cs_client     = @@character_set_client */;
/*!40101 SET character_set_client = utf8 */;
CREATE TABLE `install` (
  `id` int(11) NOT NULL AUTO_INCREMENT,
  `product` varchar(128) DEFAULT NULL,
  `site` varchar(128) DEFAULT NULL,
  `package` varchar(512) DEFAULT NULL,
  `packagehash` varchar(512) DEFAULT NULL,
  `root` varchar(512) DEFAULT NULL,
  `roothash` varchar(512) DEFAULT NULL,
  `rootsig` varchar(512) DEFAULT NULL,
  `updater` varchar(512) DEFAULT NULL,
  `updaterhash` varchar(512) NOT NULL,
  `files` varchar(512) DEFAULT NULL,
  `last_modify` datetime NOT NULL DEFAULT CURRENT_TIMESTAMP,
  `counter` int(11) NOT NULL DEFAULT '1',
  `deleted` int(4) DEFAULT NULL,
  PRIMARY KEY (`id`)
) ENGINE=InnoDB AUTO_INCREMENT=23 DEFAULT CHARSET=latin1;
/*!40101 SET character_set_client = @saved_cs_client */;

--
-- Dumping data for table `install`
--

LOCK TABLES `install` WRITE;
/*!40000 ALTER TABLE `install` DISABLE KEYS */;
INSERT INTO `install` VALUES (1,'Windows Installer - Unicode 5.0.17134.1','','',NULL,'MsiExec.exe','b8fc962decb3217c7fabb541287b99e97ba3fd52f05834ee1f18baf9d44c5c82cd21142013a99dbe4a540d6c6a9e26188a819a1942e3c9810e83faefc699206f','','MsiExec.exe','b8fc962decb3217c7fabb541287b99e97ba3fd52f05834ee1f18baf9d44c5c82cd21142013a99dbe4a540d6c6a9e26188a819a1942e3c9810e83faefc699206f',NULL,'2018-08-21 14:19:36',1,NULL),(2,'Windows Installer - Unicode 5.0.17134.220','','',NULL,'msiexec.exe','5388f0526161642648603c3b33821ae4a8219e90e3a6b323b8c49b386510bcb4a07a59ee9479d47eff279a34104a1e1daa98444c6883c3caecaf44798bf27385','','msiexec.exe','5388f0526161642648603c3b33821ae4a8219e90e3a6b323b8c49b386510bcb4a07a59ee9479d47eff279a34104a1e1daa98444c6883c3caecaf44798bf27385',NULL,'2018-08-21 14:20:03',1,NULL),(3,'Adobe Reader and Acrobat Manager 1.5.5.0','','',NULL,'msiexec.exe','5388f0526161642648603c3b33821ae4a8219e90e3a6b323b8c49b386510bcb4a07a59ee9479d47eff279a34104a1e1daa98444c6883c3caecaf44798bf27385','','AdobeARM.exe','b1f57160d26cb62a3a4c4104b0fe760b5c7c27176c261a2a3a2f8589be90b965d6fefb728ab8ead5503c998b30747beb6db74e5de9bca3cfbd4fd23e2c27377a',NULL,'2018-08-21 14:23:13',1,NULL),(4,'','','',NULL,'msiexec.exe','5388f0526161642648603c3b33821ae4a8219e90e3a6b323b8c49b386510bcb4a07a59ee9479d47eff279a34104a1e1daa98444c6883c3caecaf44798bf27385','','ReaderUpdater.exe','551738c51489267d409543f2371e05a47929ae32d4df0498f3568a50c8917f52c4add7f52d534c016b61428642cfd111c85b2a8fd38448f048c56c5db96da606',NULL,'2018-08-21 14:25:32',1,NULL),(5,'MicrosoftR .NET Framework 4.7.3056.0','','',NULL,'csc.exe','da87af46d7afab071258c37d79c2e11626ec22ea8fd949c4bd9671593c0b512dafc800dcb3f739d3db4a34b67a1c1ab72afb10ae3d81e5df8803e55f0458e534','ISSUER(Microsoft Code Signing PCA)','csc.exe','da87af46d7afab071258c37d79c2e11626ec22ea8fd949c4bd9671593c0b512dafc800dcb3f739d3db4a34b67a1c1ab72afb10ae3d81e5df8803e55f0458e534',NULL,'2018-08-21 14:37:01',1,NULL),(6,'DAEMON Tools Lite 5.0.1.0406','','',NULL,'DTLite.exe','99103f74a1e19d3b640be84c7a0398075e3f0853df99a6dda7dec46334b3fc2997b7a3bad0449a59dcb4ad70fb229cb9ef0495e9e51267b016a2cea3f8204914','ISSUER(GlobalSign CodeSigning CA - G2)','DTLite.exe','99103f74a1e19d3b640be84c7a0398075e3f0853df99a6dda7dec46334b3fc2997b7a3bad0449a59dcb4ad70fb229cb9ef0495e9e51267b016a2cea3f8204914',NULL,'2018-08-21 14:46:01',1,NULL),(7,'DAEMON Tools Lite Installer 1.4.24','','',NULL,'DTLite.exe','99103f74a1e19d3b640be84c7a0398075e3f0853df99a6dda7dec46334b3fc2997b7a3bad0449a59dcb4ad70fb229cb9ef0495e9e51267b016a2cea3f8204914','ISSUER(GlobalSign CodeSigning CA - G2)','DTLiteInstaller.exe','4825eb24ab4c718654a4f1a937995c9444f8775f2cd40fe4b31219fdfab9f1bc25537d318d23a65109ce76dfed9e5a1c01e6f98c3a46156ca63722030b1206bf',NULL,'2018-08-21 14:46:08',1,NULL),(8,'Installer 1.0.0.0','','',NULL,'DTLite.exe','99103f74a1e19d3b640be84c7a0398075e3f0853df99a6dda7dec46334b3fc2997b7a3bad0449a59dcb4ad70fb229cb9ef0495e9e51267b016a2cea3f8204914','ISSUER(GlobalSign CodeSigning CA - G2)','AppInstaller.exe','5e6ec1e47dd732da63e7ca482901e7e975e15be995ee2e7196c8cd9ddd877323d95aab8dbc5f48d9d0cab504effd637ae0ad44fad7e3c5f2748d53df461af8c3',NULL,'2018-08-21 14:47:48',1,NULL),(9,'DAEMON Tools Lite 10.8.0.0544.0','','',NULL,'DTLite1080-0544.exe','34a868ef1ea39e57a205d8bb3c7ec0141942ca380e7342074c991a00259fef63f4525e2cde07885ae16ada950f45899a650fdc831d0e6c5cac5cd45fdba63751','ISSUER(COMODO RSA Code Signing CA)','DTLite1080-0544.exe','34a868ef1ea39e57a205d8bb3c7ec0141942ca380e7342074c991a00259fef63f4525e2cde07885ae16ada950f45899a650fdc831d0e6c5cac5cd45fdba63751',NULL,'2018-08-21 14:58:23',1,NULL),(10,'MicrosoftR WindowsR Operating System 10.0.17134.1','','',NULL,'cmd.exe','79487fefeab94db6fd72b302b04df8191e5158b5a57595efb86825d2ea55944925e1572fc3b8101d7c6b20738bd0e857850d9bdbd91811018063d28fe6636bdd','','cmd.exe','79487fefeab94db6fd72b302b04df8191e5158b5a57595efb86825d2ea55944925e1572fc3b8101d7c6b20738bd0e857850d9bdbd91811018063d28fe6636bdd',NULL,'2018-08-21 14:58:34',1,NULL),(11,'Avast Antivirus  17.1.3394.0','','',NULL,'cmd.exe','79487fefeab94db6fd72b302b04df8191e5158b5a57595efb86825d2ea55944925e1572fc3b8101d7c6b20738bd0e857850d9bdbd91811018063d28fe6636bdd','','avast_free_antivirus_setup_online.exe','b19a83fff48fa7bf82837924f2a36470d4260f9a0d045c5c46ce6e421468517e7debcdefa502736b836680074959b9b224bf02ed115e01d7dd33983a31894944',NULL,'2018-08-21 14:58:40',1,NULL),(12,'Avast Antivirus  17.1.3394.0','','',NULL,'cmd.exe','79487fefeab94db6fd72b302b04df8191e5158b5a57595efb86825d2ea55944925e1572fc3b8101d7c6b20738bd0e857850d9bdbd91811018063d28fe6636bdd','','instup.exe','506cc5089637c6c601068d9b46d932247206176e69b626344206c29eb884aaa9840213caff53b052e64edc3510c21e488767878954837af81bad56cac874c782',NULL,'2018-08-21 14:58:59',1,NULL),(13,'DAEMON Tools Lite 10.8.0.0544','','',NULL,'DiscSoftBusServiceLite.exe','45988abad107e6915ea2622dd7465185a58c190c0c498bcd8340d056b882510a2a73a5b631754b589150a28f1ca36e73bf75b4cad0c043fcdb6cc15cd557921f','ISSUER(COMODO RSA Code Signing CA)','DiscSoftBusServiceLite.exe','45988abad107e6915ea2622dd7465185a58c190c0c498bcd8340d056b882510a2a73a5b631754b589150a28f1ca36e73bf75b4cad0c043fcdb6cc15cd557921f',NULL,'2018-08-21 14:59:08',1,NULL),(14,'MicrosoftR .NET Framework 4.7.3056.0','','',NULL,'mscorsvw.exe','19a3fa12ff3d3d38bac83e69eeb452ce4b0080bd9469532b132e51d21e4e44bef7833be9b5853e890c0bf2b554a7e41bd6d0b493f0e8aaae67e9fb5c85c47265','ISSUER(Microsoft Code Signing PCA)','mscorsvw.exe','19a3fa12ff3d3d38bac83e69eeb452ce4b0080bd9469532b132e51d21e4e44bef7833be9b5853e890c0bf2b554a7e41bd6d0b493f0e8aaae67e9fb5c85c47265',NULL,'2018-08-21 14:59:33',1,NULL),(15,'firefox','download.cdn.mozilla.net','firefox-60.0.1-61.0.1.partial.mar',NULL,'maintenanceservice.exe','d7c25171b37f163d80250d8ea7714a930b9157818fed99bf0f8dc396c25124f726f3f06288e8c538d5d0ad8ba346c536c5f402f60502743fc44208d92768797d','ISSUER(DigiCert SHA2 Assured ID Code Signing CA)','helper.exe','01498c1e0d5b97700cd66b05060a3e164b963b3c95fe261afcef953d2507494044c31c6181e60d204c11b7cecd2adce43a94a5c0ee1426e7fe485527f6738bca',NULL,'2018-08-21 16:12:30',2,NULL),(16,'firefox_test','download.cdn.mozilla.net','firefox-60.0.1-61.0.1.partial.mar',NULL,'maintenanceservice.exe','d7c25171b37f163d80250d8ea7714a930b9157818fed99bf0f8dc396c25124f726f3f06288e8c538d5d0ad8ba346c536c5f402f60502743fc44208d92768797d',NULL,'helper.exe','01498c1e0d5b97700cd66b05060a3e164b963b3c95fe261afcef953d2507494044c31c6181e60d204c11b7cecd2adce43a94a5c0ee1426e7fe485527f6738bca',NULL,'2018-08-21 16:13:28',1,NULL),(17,'DAEMON Tools Lite 10.8.0.0544.0','','','','DTLite.exe','99103f74a1e19d3b640be84c7a0398075e3f0853df99a6dda7dec46334b3fc2997b7a3bad0449a59dcb4ad70fb229cb9ef0495e9e51267b016a2cea3f8204914','ISSUER(GlobalSign CodeSigning CA - G2)','DTLite1080-0544.exe','34a868ef1ea39e57a205d8bb3c7ec0141942ca380e7342074c991a00259fef63f4525e2cde07885ae16ada950f45899a650fdc831d0e6c5cac5cd45fdba63751',NULL,'2018-08-22 18:07:36',1,NULL),(18,'MicrosoftR WindowsR Operating System 10.0.17134.220','','','','taskhostw.exe','4e60d304fc34eefd822f64d31b68d1dee761344165f89ebbfd725dd88c71024ea0b6a154a67d575beb2a131daaf405562e1fed51f3d6c9b6bbb31e9637b2958d','ISSUER(Microsoft Windows Production PCA 2011)','taskhostw.exe','4e60d304fc34eefd822f64d31b68d1dee761344165f89ebbfd725dd88c71024ea0b6a154a67d575beb2a131daaf405562e1fed51f3d6c9b6bbb31e9637b2958d',NULL,'2018-08-22 18:12:18',1,NULL),(19,'MicrosoftR .NET Framework 4.7.3056.0','','','','mscorsvw.exe','b8efe801486a3aeb2c1148dd1f73aaad4c84f8610229309eeadacf32aa5bc05bd932270727b61504c0a12ab5a6428a75d12fc06702ff97eabbdeee867e8e3a6f','ISSUER(Microsoft Code Signing PCA)','mscorsvw.exe','b8efe801486a3aeb2c1148dd1f73aaad4c84f8610229309eeadacf32aa5bc05bd932270727b61504c0a12ab5a6428a75d12fc06702ff97eabbdeee867e8e3a6f',NULL,'2018-08-22 18:13:13',1,NULL),(20,'MicrosoftR WindowsR Operating System 10.0.17134.220','','','','cleanmgr.exe','eee8d8df381aead7b93ebfc83dda586233f051d6411993890be53390d2f320db8066a007d393cfb46151e21111776fee81d81723941fdd19633390613aea1a73','','cleanmgr.exe','eee8d8df381aead7b93ebfc83dda586233f051d6411993890be53390d2f320db8066a007d393cfb46151e21111776fee81d81723941fdd19633390613aea1a73',NULL,'2018-08-22 18:13:15',1,NULL),(21,'Windows Live 12.0.1202.0516','','','','msiexec.exe','5388f0526161642648603c3b33821ae4a8219e90e3a6b323b8c49b386510bcb4a07a59ee9479d47eff279a34104a1e1daa98444c6883c3caecaf44798bf27385','','WLSetupSvc.exe','94b9bbba9969722bbcbcf4dac7083a3bd0901bfbc9e39a728a68ebf56d58fc97128adfedde4b175108227ea3a8206560ab5652369b848db54676c687249ae17a',NULL,'2018-08-23 11:12:43',1,NULL),(22,'MicrosoftR WindowsR Operating System 10.0.17134.136','','','','TiWorker.exe','b8a664f6e53472f891ec31a13e34ad425c47a4149c363727434fa021a9c5229ecc11bf1c5c53c301efeea3c58ad887dd97f8ae590dcd946e330eff05c2ba9d6a','','TiWorker.exe','b8a664f6e53472f891ec31a13e34ad425c47a4149c363727434fa021a9c5229ecc11bf1c5c53c301efeea3c58ad887dd97f8ae590dcd946e330eff05c2ba9d6a',NULL,'2018-08-23 11:13:06',1,NULL);
/*!40000 ALTER TABLE `install` ENABLE KEYS */;
UNLOCK TABLES;

--
-- Table structure for table `log`
--

DROP TABLE IF EXISTS `log`;
/*!40101 SET @saved_cs_client     = @@character_set_client */;
/*!40101 SET character_set_client = utf8 */;
CREATE TABLE `log` (
  `id` int(11) NOT NULL AUTO_INCREMENT,
  `time` datetime NOT NULL DEFAULT CURRENT_TIMESTAMP,
  `hostip` varchar(32) NOT NULL,
  `install_id` int(11) NOT NULL,
  `deleted` int(4) DEFAULT NULL,
  PRIMARY KEY (`id`),
  KEY `install_id` (`install_id`),
  CONSTRAINT `log_ibfk_1` FOREIGN KEY (`install_id`) REFERENCES `install` (`id`) ON DELETE CASCADE ON UPDATE CASCADE
) ENGINE=InnoDB AUTO_INCREMENT=24 DEFAULT CHARSET=latin1;
/*!40101 SET character_set_client = @saved_cs_client */;

--
-- Dumping data for table `log`
--

LOCK TABLES `log` WRITE;
/*!40000 ALTER TABLE `log` DISABLE KEYS */;
INSERT INTO `log` VALUES (1,'2018-08-21 14:19:36','10.0.2.15',1,NULL),(2,'2018-08-21 14:20:03','10.0.2.15',2,NULL),(3,'2018-08-21 14:23:13','10.0.2.15',3,NULL),(4,'2018-08-21 14:25:32','10.0.2.15',4,NULL),(5,'2018-08-21 14:37:01','10.0.2.15',5,NULL),(6,'2018-08-21 14:46:01','10.0.2.15',6,NULL),(7,'2018-08-21 14:46:08','10.0.2.15',7,NULL),(8,'2018-08-21 14:47:48','10.0.2.15',8,NULL),(9,'2018-08-21 14:58:23','10.0.2.15',9,NULL),(10,'2018-08-21 14:58:34','10.0.2.15',10,NULL),(11,'2018-08-21 14:58:40','10.0.2.15',11,NULL),(12,'2018-08-21 14:58:59','10.0.2.15',12,NULL),(13,'2018-08-21 14:59:08','10.0.2.15',13,NULL),(14,'2018-08-21 14:59:33','10.0.2.15',14,NULL),(15,'2018-08-21 16:10:59','1.2.3.15',15,NULL),(16,'2018-08-21 16:12:30','1.2.3.16',15,NULL),(17,'2018-08-21 16:13:28','1.2.3.15',16,NULL),(18,'2018-08-22 18:07:36','192.168.234.130',17,NULL),(19,'2018-08-22 18:12:18','192.168.234.130',18,NULL),(20,'2018-08-22 18:13:13','192.168.234.130',19,NULL),(21,'2018-08-22 18:13:15','192.168.234.130',20,NULL),(22,'2018-08-23 11:12:43','192.168.234.130',21,NULL),(23,'2018-08-23 11:13:06','192.168.234.130',22,NULL);
/*!40000 ALTER TABLE `log` ENABLE KEYS */;
UNLOCK TABLES;

--
-- Table structure for table `package`
--

DROP TABLE IF EXISTS `package`;
/*!40101 SET @saved_cs_client     = @@character_set_client */;
/*!40101 SET character_set_client = utf8 */;
CREATE TABLE `package` (
  `id` int(11) NOT NULL AUTO_INCREMENT,
  `time` datetime NOT NULL,
  `hostip` varchar(32) COLLATE utf8mb4_unicode_ci DEFAULT NULL,
  `product` varchar(128) COLLATE utf8mb4_unicode_ci DEFAULT NULL,
  `site` varchar(128) COLLATE utf8mb4_unicode_ci DEFAULT NULL,
  `package` varchar(512) COLLATE utf8mb4_unicode_ci DEFAULT NULL,
  `updater` varchar(512) COLLATE utf8mb4_unicode_ci DEFAULT NULL,
  `updaterhash` varchar(512) COLLATE utf8mb4_unicode_ci NOT NULL,
  `updatersig` varchar(512) COLLATE utf8mb4_unicode_ci DEFAULT NULL,
  `derivative` varchar(512) COLLATE utf8mb4_unicode_ci DEFAULT NULL,
  `files` varchar(512) COLLATE utf8mb4_unicode_ci DEFAULT NULL,
  `deleted` tinyint(4) DEFAULT NULL,
  PRIMARY KEY (`id`)
) ENGINE=InnoDB AUTO_INCREMENT=70 DEFAULT CHARSET=utf8mb4 COLLATE=utf8mb4_unicode_ci;
/*!40101 SET character_set_client = @saved_cs_client */;

--
-- Dumping data for table `package`
--

LOCK TABLES `package` WRITE;
/*!40000 ALTER TABLE `package` DISABLE KEYS */;
INSERT INTO `package` VALUES (1,'2018-07-22 11:29:34','1.2.3.4','firefox','download.cdn.mozilla.net','firefox-60.0.1-61.0.1.partial.mar','maintenanceservice.exe','abcdefghijklmnopqrstuvwxyzabcdefghijklmnopqrstuvwxyzabcdefghijklmnopqrstuvwxyzabcdefghijklmnopqrstuvwxyz','DigiCert SHA2 Assured ID Code Signing CA',NULL,NULL,NULL),(2,'2005-03-18 10:00:00','1.2.3.15','firefox','download.cdn.mozilla.net','firefox-60.0.1-61.0.1.partial.mar','maintenanceservice.exe','d7c25171b37f163d80250d8ea7714a930b9157818fed99bf0f8dc396c25124f726f3f06288e8c538d5d0ad8ba346c536c5f402f60502743fc44208d92768797d','ISSUER(DigiCert SHA2 Assured ID Code Signing CA) / SUBJECT(Mozilla Corporation)',NULL,NULL,NULL),(3,'2005-03-18 10:00:00','1.2.3.15','firefox','download.cdn.mozilla.net','firefox-60.0.1-61.0.1.partial.mar','maintenanceservice.exe','d7c25171b37f163d80250d8ea7714a930b9157818fed99bf0f8dc396c25124f726f3f06288e8c538d5d0ad8ba346c536c5f402f60502743fc44208d92768797d','ISSUER(DigiCert SHA2 Assured ID Code Signing CA) / SUBJECT(Mozilla Corporation)',NULL,NULL,NULL),(4,'2018-08-03 16:05:05','192.168.234.129','Firefox','download.cdn.mozilla.net','firefox-60.0.1-61.0.1.partial.mar','uninstaller.exe','f2497da0fbd32aa32d66ad50d695a52ff10cd3f02f62944bf9dfc9f50f6223ad77433896ddd068b18794e31ce02538413dffb51ab4a5713f79419e29d5dc1ea5','',NULL,NULL,NULL),(5,'2018-08-03 16:05:06','192.168.234.129','Firefox','download.cdn.mozilla.net','firefox-60.0.1-61.0.1.partial.mar','Un_A.exe','f2497da0fbd32aa32d66ad50d695a52ff10cd3f02f62944bf9dfc9f50f6223ad77433896ddd068b18794e31ce02538413dffb51ab4a5713f79419e29d5dc1ea5','',NULL,NULL,NULL),(6,'2018-08-03 16:09:03','192.168.234.129','Firefox','download.cdn.mozilla.net','firefox-60.0.1-61.0.1.partial.mar','updater.exe','069f8ee096feed25c1d61bce7594a7a85b00ef0b611e77d3d4fd22122d22d6f9f50701bb86317dc0fb117c42a1b20a58b762241121af940af7cd3825df8ec796','ISSUER(DigiCert SHA2 Assured ID Code Signing CA) / SUBJECT(Mozilla Corporation)',NULL,NULL,NULL),(7,'2018-08-03 16:09:16','192.168.234.129','Firefox','download.cdn.mozilla.net','firefox-60.0.1-61.0.1.partial.mar','helper.exe','a093b1b0ffae7934b06b6f9186866c2044f7a57a0c546cfcb0d8985fad8e8df96f6471ecee2f011afd9b300a47efc33e04199edb3fa527aed45b37b02a931945','ISSUER(DigiCert SHA2 Assured ID Code Signing CA) / SUBJECT(Mozilla Corporation)',NULL,NULL,NULL),(8,'2018-08-03 16:09:49','192.168.234.129','Firefox','download.cdn.mozilla.net','firefox-60.0.1-61.0.1.partial.mar','uninstaller.exe','22d830f993345b50e35e506f7491322cb5ceab8f1ecfb8124ce933972930f37b55599814e41b3eaf3d4531d5d8bdc939ef3f5133d74bd2617ba818b6119bd358','',NULL,NULL,NULL),(9,'2018-08-03 16:09:49','192.168.234.129','Firefox','download.cdn.mozilla.net','firefox-60.0.1-61.0.1.partial.mar','Un_A.exe','22d830f993345b50e35e506f7491322cb5ceab8f1ecfb8124ce933972930f37b55599814e41b3eaf3d4531d5d8bdc939ef3f5133d74bd2617ba818b6119bd358','',NULL,NULL,NULL),(10,'2018-08-03 16:13:53','192.168.234.129','Firefox','download.cdn.mozilla.net','firefox-60.0.1-61.0.1.partial.mar','updater.exe','069f8ee096feed25c1d61bce7594a7a85b00ef0b611e77d3d4fd22122d22d6f9f50701bb86317dc0fb117c42a1b20a58b762241121af940af7cd3825df8ec796','ISSUER(DigiCert SHA2 Assured ID Code Signing CA) / SUBJECT(Mozilla Corporation)',NULL,NULL,NULL),(11,'2018-08-03 16:14:06','192.168.234.129','Firefox','download.cdn.mozilla.net','firefox-60.0.1-61.0.1.partial.mar','helper.exe','a093b1b0ffae7934b06b6f9186866c2044f7a57a0c546cfcb0d8985fad8e8df96f6471ecee2f011afd9b300a47efc33e04199edb3fa527aed45b37b02a931945','ISSUER(DigiCert SHA2 Assured ID Code Signing CA) / SUBJECT(Mozilla Corporation)',NULL,NULL,NULL),(12,'2018-08-03 16:14:39','192.168.234.129','Firefox','download.cdn.mozilla.net','firefox-60.0.1-61.0.1.partial.mar','uninstaller.exe','22d830f993345b50e35e506f7491322cb5ceab8f1ecfb8124ce933972930f37b55599814e41b3eaf3d4531d5d8bdc939ef3f5133d74bd2617ba818b6119bd358','',NULL,NULL,NULL),(13,'2018-08-03 16:14:40','192.168.234.129','Firefox','download.cdn.mozilla.net','firefox-60.0.1-61.0.1.partial.mar','Un_A.exe','22d830f993345b50e35e506f7491322cb5ceab8f1ecfb8124ce933972930f37b55599814e41b3eaf3d4531d5d8bdc939ef3f5133d74bd2617ba818b6119bd358','',NULL,NULL,NULL),(14,'2018-08-03 16:19:47','192.168.234.129','Firefox','download.cdn.mozilla.net','firefox-60.0.1-61.0.1.partial.mar','uninstaller.exe','f2497da0fbd32aa32d66ad50d695a52ff10cd3f02f62944bf9dfc9f50f6223ad77433896ddd068b18794e31ce02538413dffb51ab4a5713f79419e29d5dc1ea5','',NULL,NULL,NULL),(15,'2018-08-03 16:19:48','192.168.234.129','Firefox','download.cdn.mozilla.net','firefox-60.0.1-61.0.1.partial.mar','Un_A.exe','f2497da0fbd32aa32d66ad50d695a52ff10cd3f02f62944bf9dfc9f50f6223ad77433896ddd068b18794e31ce02538413dffb51ab4a5713f79419e29d5dc1ea5','',NULL,NULL,NULL),(16,'2018-08-03 16:24:47','192.168.234.129','Firefox','download.cdn.mozilla.net','firefox-60.0.1-61.0.1.partial.mar','uninstaller.exe','f2497da0fbd32aa32d66ad50d695a52ff10cd3f02f62944bf9dfc9f50f6223ad77433896ddd068b18794e31ce02538413dffb51ab4a5713f79419e29d5dc1ea5','',NULL,NULL,NULL),(17,'2018-08-03 16:24:47','192.168.234.129','Firefox','download.cdn.mozilla.net','firefox-60.0.1-61.0.1.partial.mar','Un_A.exe','f2497da0fbd32aa32d66ad50d695a52ff10cd3f02f62944bf9dfc9f50f6223ad77433896ddd068b18794e31ce02538413dffb51ab4a5713f79419e29d5dc1ea5','',NULL,NULL,NULL),(18,'2018-08-03 16:29:47','192.168.234.129','Firefox','download.cdn.mozilla.net','firefox-60.0.1-61.0.1.partial.mar','uninstaller.exe','f2497da0fbd32aa32d66ad50d695a52ff10cd3f02f62944bf9dfc9f50f6223ad77433896ddd068b18794e31ce02538413dffb51ab4a5713f79419e29d5dc1ea5','',NULL,NULL,NULL),(19,'2018-08-03 16:29:47','192.168.234.129','Firefox','download.cdn.mozilla.net','firefox-60.0.1-61.0.1.partial.mar','Un_A.exe','f2497da0fbd32aa32d66ad50d695a52ff10cd3f02f62944bf9dfc9f50f6223ad77433896ddd068b18794e31ce02538413dffb51ab4a5713f79419e29d5dc1ea5','',NULL,NULL,NULL),(20,'2018-08-03 16:34:45','192.168.234.129','Firefox','download.cdn.mozilla.net','firefox-60.0.1-61.0.1.partial.mar','uninstaller.exe','f2497da0fbd32aa32d66ad50d695a52ff10cd3f02f62944bf9dfc9f50f6223ad77433896ddd068b18794e31ce02538413dffb51ab4a5713f79419e29d5dc1ea5','',NULL,NULL,NULL),(21,'2018-08-03 16:34:45','192.168.234.129','Firefox','download.cdn.mozilla.net','firefox-60.0.1-61.0.1.partial.mar','Un_A.exe','f2497da0fbd32aa32d66ad50d695a52ff10cd3f02f62944bf9dfc9f50f6223ad77433896ddd068b18794e31ce02538413dffb51ab4a5713f79419e29d5dc1ea5','',NULL,NULL,NULL),(22,'2018-08-03 16:39:42','192.168.234.129','Firefox','download.cdn.mozilla.net','firefox-60.0.1-61.0.1.partial.mar','uninstaller.exe','f2497da0fbd32aa32d66ad50d695a52ff10cd3f02f62944bf9dfc9f50f6223ad77433896ddd068b18794e31ce02538413dffb51ab4a5713f79419e29d5dc1ea5','',NULL,NULL,NULL),(23,'2018-08-03 16:39:42','192.168.234.129','Firefox','download.cdn.mozilla.net','firefox-60.0.1-61.0.1.partial.mar','Un_A.exe','f2497da0fbd32aa32d66ad50d695a52ff10cd3f02f62944bf9dfc9f50f6223ad77433896ddd068b18794e31ce02538413dffb51ab4a5713f79419e29d5dc1ea5','',NULL,NULL,NULL),(24,'2018-08-03 16:44:45','192.168.234.129','Firefox','download.cdn.mozilla.net','firefox-60.0.1-61.0.1.partial.mar','uninstaller.exe','f2497da0fbd32aa32d66ad50d695a52ff10cd3f02f62944bf9dfc9f50f6223ad77433896ddd068b18794e31ce02538413dffb51ab4a5713f79419e29d5dc1ea5','',NULL,NULL,NULL),(25,'2018-08-03 16:44:45','192.168.234.129','Firefox','download.cdn.mozilla.net','firefox-60.0.1-61.0.1.partial.mar','Un_A.exe','f2497da0fbd32aa32d66ad50d695a52ff10cd3f02f62944bf9dfc9f50f6223ad77433896ddd068b18794e31ce02538413dffb51ab4a5713f79419e29d5dc1ea5','',NULL,NULL,NULL),(26,'2018-08-03 16:49:39','192.168.234.129','Firefox','download.cdn.mozilla.net','firefox-60.0.1-61.0.1.partial.mar','uninstaller.exe','f2497da0fbd32aa32d66ad50d695a52ff10cd3f02f62944bf9dfc9f50f6223ad77433896ddd068b18794e31ce02538413dffb51ab4a5713f79419e29d5dc1ea5','',NULL,NULL,NULL),(27,'2018-08-03 16:49:39','192.168.234.129','Firefox','download.cdn.mozilla.net','firefox-60.0.1-61.0.1.partial.mar','Un_A.exe','f2497da0fbd32aa32d66ad50d695a52ff10cd3f02f62944bf9dfc9f50f6223ad77433896ddd068b18794e31ce02538413dffb51ab4a5713f79419e29d5dc1ea5','',NULL,NULL,NULL),(28,'2018-08-03 16:54:36','192.168.234.129','Firefox','download.cdn.mozilla.net','firefox-60.0.1-61.0.1.partial.mar','uninstaller.exe','f2497da0fbd32aa32d66ad50d695a52ff10cd3f02f62944bf9dfc9f50f6223ad77433896ddd068b18794e31ce02538413dffb51ab4a5713f79419e29d5dc1ea5','',NULL,NULL,NULL),(29,'2018-08-03 16:54:37','192.168.234.129','Firefox','download.cdn.mozilla.net','firefox-60.0.1-61.0.1.partial.mar','Un_A.exe','f2497da0fbd32aa32d66ad50d695a52ff10cd3f02f62944bf9dfc9f50f6223ad77433896ddd068b18794e31ce02538413dffb51ab4a5713f79419e29d5dc1ea5','',NULL,NULL,NULL),(30,'2018-08-03 16:59:33','192.168.234.129','Firefox','download.cdn.mozilla.net','firefox-60.0.1-61.0.1.partial.mar','uninstaller.exe','f2497da0fbd32aa32d66ad50d695a52ff10cd3f02f62944bf9dfc9f50f6223ad77433896ddd068b18794e31ce02538413dffb51ab4a5713f79419e29d5dc1ea5','',NULL,NULL,NULL),(31,'2018-08-03 16:59:33','192.168.234.129','Firefox','download.cdn.mozilla.net','firefox-60.0.1-61.0.1.partial.mar','Un_A.exe','f2497da0fbd32aa32d66ad50d695a52ff10cd3f02f62944bf9dfc9f50f6223ad77433896ddd068b18794e31ce02538413dffb51ab4a5713f79419e29d5dc1ea5','',NULL,NULL,NULL),(32,'2018-08-03 17:04:34','192.168.234.129','Firefox','download.cdn.mozilla.net','firefox-60.0.1-61.0.1.partial.mar','uninstaller.exe','f2497da0fbd32aa32d66ad50d695a52ff10cd3f02f62944bf9dfc9f50f6223ad77433896ddd068b18794e31ce02538413dffb51ab4a5713f79419e29d5dc1ea5','',NULL,NULL,NULL),(33,'2018-08-03 17:04:34','192.168.234.129','Firefox','download.cdn.mozilla.net','firefox-60.0.1-61.0.1.partial.mar','Un_A.exe','f2497da0fbd32aa32d66ad50d695a52ff10cd3f02f62944bf9dfc9f50f6223ad77433896ddd068b18794e31ce02538413dffb51ab4a5713f79419e29d5dc1ea5','',NULL,NULL,NULL),(34,'2018-08-03 17:09:37','192.168.234.129','Firefox','download.cdn.mozilla.net','firefox-60.0.1-61.0.1.partial.mar','uninstaller.exe','f2497da0fbd32aa32d66ad50d695a52ff10cd3f02f62944bf9dfc9f50f6223ad77433896ddd068b18794e31ce02538413dffb51ab4a5713f79419e29d5dc1ea5','',NULL,NULL,NULL),(35,'2018-08-03 17:09:37','192.168.234.129','Firefox','download.cdn.mozilla.net','firefox-60.0.1-61.0.1.partial.mar','Un_A.exe','f2497da0fbd32aa32d66ad50d695a52ff10cd3f02f62944bf9dfc9f50f6223ad77433896ddd068b18794e31ce02538413dffb51ab4a5713f79419e29d5dc1ea5','',NULL,NULL,NULL),(36,'2018-08-03 17:14:35','192.168.234.129','Firefox','download.cdn.mozilla.net','firefox-60.0.1-61.0.1.partial.mar','uninstaller.exe','f2497da0fbd32aa32d66ad50d695a52ff10cd3f02f62944bf9dfc9f50f6223ad77433896ddd068b18794e31ce02538413dffb51ab4a5713f79419e29d5dc1ea5','',NULL,NULL,NULL),(37,'2018-08-03 17:14:35','192.168.234.129','Firefox','download.cdn.mozilla.net','firefox-60.0.1-61.0.1.partial.mar','Un_A.exe','f2497da0fbd32aa32d66ad50d695a52ff10cd3f02f62944bf9dfc9f50f6223ad77433896ddd068b18794e31ce02538413dffb51ab4a5713f79419e29d5dc1ea5','',NULL,NULL,NULL),(38,'2018-08-03 17:19:32','192.168.234.129','Firefox','download.cdn.mozilla.net','firefox-60.0.1-61.0.1.partial.mar','uninstaller.exe','f2497da0fbd32aa32d66ad50d695a52ff10cd3f02f62944bf9dfc9f50f6223ad77433896ddd068b18794e31ce02538413dffb51ab4a5713f79419e29d5dc1ea5','',NULL,NULL,NULL),(39,'2018-08-03 17:19:33','192.168.234.129','Firefox','download.cdn.mozilla.net','firefox-60.0.1-61.0.1.partial.mar','Un_A.exe','f2497da0fbd32aa32d66ad50d695a52ff10cd3f02f62944bf9dfc9f50f6223ad77433896ddd068b18794e31ce02538413dffb51ab4a5713f79419e29d5dc1ea5','',NULL,NULL,NULL),(40,'2018-08-03 17:24:28','192.168.234.129','Firefox','download.cdn.mozilla.net','firefox-60.0.1-61.0.1.partial.mar','uninstaller.exe','f2497da0fbd32aa32d66ad50d695a52ff10cd3f02f62944bf9dfc9f50f6223ad77433896ddd068b18794e31ce02538413dffb51ab4a5713f79419e29d5dc1ea5','',NULL,NULL,NULL),(41,'2018-08-03 17:24:28','192.168.234.129','Firefox','download.cdn.mozilla.net','firefox-60.0.1-61.0.1.partial.mar','Un_A.exe','f2497da0fbd32aa32d66ad50d695a52ff10cd3f02f62944bf9dfc9f50f6223ad77433896ddd068b18794e31ce02538413dffb51ab4a5713f79419e29d5dc1ea5','',NULL,NULL,NULL),(42,'2018-08-03 17:29:24','192.168.234.129','Firefox','download.cdn.mozilla.net','firefox-60.0.1-61.0.1.partial.mar','uninstaller.exe','f2497da0fbd32aa32d66ad50d695a52ff10cd3f02f62944bf9dfc9f50f6223ad77433896ddd068b18794e31ce02538413dffb51ab4a5713f79419e29d5dc1ea5','',NULL,NULL,NULL),(43,'2018-08-03 17:29:24','192.168.234.129','Firefox','download.cdn.mozilla.net','firefox-60.0.1-61.0.1.partial.mar','Un_A.exe','f2497da0fbd32aa32d66ad50d695a52ff10cd3f02f62944bf9dfc9f50f6223ad77433896ddd068b18794e31ce02538413dffb51ab4a5713f79419e29d5dc1ea5','',NULL,NULL,NULL),(44,'2018-08-03 17:33:26','192.168.234.129','Firefox','download.cdn.mozilla.net','firefox-60.0.1-61.0.1.partial.mar','updater.exe','069f8ee096feed25c1d61bce7594a7a85b00ef0b611e77d3d4fd22122d22d6f9f50701bb86317dc0fb117c42a1b20a58b762241121af940af7cd3825df8ec796','ISSUER(DigiCert SHA2 Assured ID Code Signing CA) / SUBJECT(Mozilla Corporation)',NULL,NULL,NULL),(45,'2018-08-03 17:33:38','192.168.234.129','Firefox','download.cdn.mozilla.net','firefox-60.0.1-61.0.1.partial.mar','helper.exe','a093b1b0ffae7934b06b6f9186866c2044f7a57a0c546cfcb0d8985fad8e8df96f6471ecee2f011afd9b300a47efc33e04199edb3fa527aed45b37b02a931945','ISSUER(DigiCert SHA2 Assured ID Code Signing CA) / SUBJECT(Mozilla Corporation)',NULL,NULL,NULL),(46,'2018-08-03 17:34:12','192.168.234.129','Firefox','download.cdn.mozilla.net','firefox-60.0.1-61.0.1.partial.mar','uninstaller.exe','22d830f993345b50e35e506f7491322cb5ceab8f1ecfb8124ce933972930f37b55599814e41b3eaf3d4531d5d8bdc939ef3f5133d74bd2617ba818b6119bd358','',NULL,NULL,NULL),(47,'2018-08-03 17:34:12','192.168.234.129','Firefox','download.cdn.mozilla.net','firefox-60.0.1-61.0.1.partial.mar','Un_A.exe','22d830f993345b50e35e506f7491322cb5ceab8f1ecfb8124ce933972930f37b55599814e41b3eaf3d4531d5d8bdc939ef3f5133d74bd2617ba818b6119bd358','',NULL,NULL,NULL),(48,'2018-08-03 17:38:17','192.168.234.129','Firefox','download.cdn.mozilla.net','firefox-60.0.1-61.0.1.partial.mar','updater.exe','069f8ee096feed25c1d61bce7594a7a85b00ef0b611e77d3d4fd22122d22d6f9f50701bb86317dc0fb117c42a1b20a58b762241121af940af7cd3825df8ec796','ISSUER(DigiCert SHA2 Assured ID Code Signing CA) / SUBJECT(Mozilla Corporation)',NULL,NULL,NULL),(49,'2018-08-03 17:38:29','192.168.234.129','Firefox','download.cdn.mozilla.net','firefox-60.0.1-61.0.1.partial.mar','helper.exe','a093b1b0ffae7934b06b6f9186866c2044f7a57a0c546cfcb0d8985fad8e8df96f6471ecee2f011afd9b300a47efc33e04199edb3fa527aed45b37b02a931945','ISSUER(DigiCert SHA2 Assured ID Code Signing CA) / SUBJECT(Mozilla Corporation)',NULL,NULL,NULL),(50,'2018-08-03 17:39:01','192.168.234.129','Firefox','download.cdn.mozilla.net','firefox-60.0.1-61.0.1.partial.mar','uninstaller.exe','22d830f993345b50e35e506f7491322cb5ceab8f1ecfb8124ce933972930f37b55599814e41b3eaf3d4531d5d8bdc939ef3f5133d74bd2617ba818b6119bd358','',NULL,NULL,NULL),(51,'2018-08-03 17:39:01','192.168.234.129','Firefox','download.cdn.mozilla.net','firefox-60.0.1-61.0.1.partial.mar','Un_A.exe','22d830f993345b50e35e506f7491322cb5ceab8f1ecfb8124ce933972930f37b55599814e41b3eaf3d4531d5d8bdc939ef3f5133d74bd2617ba818b6119bd358','',NULL,NULL,NULL),(52,'2018-08-03 17:43:19','192.168.234.129','Firefox','download.cdn.mozilla.net','firefox-60.0.1-61.0.1.partial.mar','helper.exe','a093b1b0ffae7934b06b6f9186866c2044f7a57a0c546cfcb0d8985fad8e8df96f6471ecee2f011afd9b300a47efc33e04199edb3fa527aed45b37b02a931945','ISSUER(DigiCert SHA2 Assured ID Code Signing CA) / SUBJECT(Mozilla Corporation)',NULL,NULL,NULL),(53,'2018-08-03 17:43:51','192.168.234.129','Firefox','download.cdn.mozilla.net','firefox-60.0.1-61.0.1.partial.mar','uninstaller.exe','22d830f993345b50e35e506f7491322cb5ceab8f1ecfb8124ce933972930f37b55599814e41b3eaf3d4531d5d8bdc939ef3f5133d74bd2617ba818b6119bd358','',NULL,NULL,NULL),(54,'2018-08-03 17:43:51','192.168.234.129','Firefox','download.cdn.mozilla.net','firefox-60.0.1-61.0.1.partial.mar','Un_A.exe','22d830f993345b50e35e506f7491322cb5ceab8f1ecfb8124ce933972930f37b55599814e41b3eaf3d4531d5d8bdc939ef3f5133d74bd2617ba818b6119bd358','',NULL,NULL,NULL),(55,'2018-08-03 17:48:06','192.168.234.129','Firefox','download.cdn.mozilla.net','firefox-60.0.1-61.0.1.partial.mar','helper.exe','a093b1b0ffae7934b06b6f9186866c2044f7a57a0c546cfcb0d8985fad8e8df96f6471ecee2f011afd9b300a47efc33e04199edb3fa527aed45b37b02a931945','ISSUER(DigiCert SHA2 Assured ID Code Signing CA) / SUBJECT(Mozilla Corporation)',NULL,NULL,NULL),(56,'2018-08-03 17:48:49','192.168.234.129','Firefox','download.cdn.mozilla.net','firefox-60.0.1-61.0.1.partial.mar','uninstaller.exe','22d830f993345b50e35e506f7491322cb5ceab8f1ecfb8124ce933972930f37b55599814e41b3eaf3d4531d5d8bdc939ef3f5133d74bd2617ba818b6119bd358','',NULL,NULL,NULL),(57,'2018-08-03 17:48:49','192.168.234.129','Firefox','download.cdn.mozilla.net','firefox-60.0.1-61.0.1.partial.mar','Un_A.exe','22d830f993345b50e35e506f7491322cb5ceab8f1ecfb8124ce933972930f37b55599814e41b3eaf3d4531d5d8bdc939ef3f5133d74bd2617ba818b6119bd358','',NULL,NULL,NULL),(58,'2018-08-03 17:52:49','192.168.234.129','Firefox','download.cdn.mozilla.net','firefox-60.0.1-61.0.1.partial.mar','updater.exe','069f8ee096feed25c1d61bce7594a7a85b00ef0b611e77d3d4fd22122d22d6f9f50701bb86317dc0fb117c42a1b20a58b762241121af940af7cd3825df8ec796','ISSUER(DigiCert SHA2 Assured ID Code Signing CA) / SUBJECT(Mozilla Corporation)',NULL,NULL,NULL),(59,'2018-08-03 17:53:02','192.168.234.129','Firefox','download.cdn.mozilla.net','firefox-60.0.1-61.0.1.partial.mar','helper.exe','a093b1b0ffae7934b06b6f9186866c2044f7a57a0c546cfcb0d8985fad8e8df96f6471ecee2f011afd9b300a47efc33e04199edb3fa527aed45b37b02a931945','ISSUER(DigiCert SHA2 Assured ID Code Signing CA) / SUBJECT(Mozilla Corporation)',NULL,NULL,NULL),(60,'2018-08-03 17:53:35','192.168.234.129','Firefox','download.cdn.mozilla.net','firefox-60.0.1-61.0.1.partial.mar','uninstaller.exe','22d830f993345b50e35e506f7491322cb5ceab8f1ecfb8124ce933972930f37b55599814e41b3eaf3d4531d5d8bdc939ef3f5133d74bd2617ba818b6119bd358','',NULL,NULL,NULL),(61,'2018-08-03 17:53:35','192.168.234.129','Firefox','download.cdn.mozilla.net','firefox-60.0.1-61.0.1.partial.mar','Un_A.exe','22d830f993345b50e35e506f7491322cb5ceab8f1ecfb8124ce933972930f37b55599814e41b3eaf3d4531d5d8bdc939ef3f5133d74bd2617ba818b6119bd358','',NULL,NULL,NULL),(62,'2018-08-03 17:57:33','192.168.234.129','Firefox','download.cdn.mozilla.net','firefox-60.0.1-61.0.1.partial.mar','updater.exe','069f8ee096feed25c1d61bce7594a7a85b00ef0b611e77d3d4fd22122d22d6f9f50701bb86317dc0fb117c42a1b20a58b762241121af940af7cd3825df8ec796','ISSUER(DigiCert SHA2 Assured ID Code Signing CA) / SUBJECT(Mozilla Corporation)',NULL,NULL,NULL),(63,'2018-08-03 17:57:44','192.168.234.129','Firefox','download.cdn.mozilla.net','firefox-60.0.1-61.0.1.partial.mar','helper.exe','a093b1b0ffae7934b06b6f9186866c2044f7a57a0c546cfcb0d8985fad8e8df96f6471ecee2f011afd9b300a47efc33e04199edb3fa527aed45b37b02a931945','ISSUER(DigiCert SHA2 Assured ID Code Signing CA) / SUBJECT(Mozilla Corporation)',NULL,NULL,NULL),(64,'2018-08-03 17:58:17','192.168.234.129','Firefox','download.cdn.mozilla.net','firefox-60.0.1-61.0.1.partial.mar','uninstaller.exe','22d830f993345b50e35e506f7491322cb5ceab8f1ecfb8124ce933972930f37b55599814e41b3eaf3d4531d5d8bdc939ef3f5133d74bd2617ba818b6119bd358','',NULL,NULL,NULL),(65,'2018-08-03 17:58:18','192.168.234.129','Firefox','download.cdn.mozilla.net','firefox-60.0.1-61.0.1.partial.mar','Un_A.exe','22d830f993345b50e35e506f7491322cb5ceab8f1ecfb8124ce933972930f37b55599814e41b3eaf3d4531d5d8bdc939ef3f5133d74bd2617ba818b6119bd358','',NULL,NULL,NULL),(66,'2018-08-03 18:02:18','192.168.234.129','Firefox','download.cdn.mozilla.net','firefox-60.0.1-61.0.1.partial.mar','updater.exe','069f8ee096feed25c1d61bce7594a7a85b00ef0b611e77d3d4fd22122d22d6f9f50701bb86317dc0fb117c42a1b20a58b762241121af940af7cd3825df8ec796','ISSUER(DigiCert SHA2 Assured ID Code Signing CA) / SUBJECT(Mozilla Corporation)',NULL,NULL,NULL),(67,'2018-08-03 18:02:30','192.168.234.129','Firefox','download.cdn.mozilla.net','firefox-60.0.1-61.0.1.partial.mar','helper.exe','a093b1b0ffae7934b06b6f9186866c2044f7a57a0c546cfcb0d8985fad8e8df96f6471ecee2f011afd9b300a47efc33e04199edb3fa527aed45b37b02a931945','ISSUER(DigiCert SHA2 Assured ID Code Signing CA) / SUBJECT(Mozilla Corporation)',NULL,NULL,NULL),(68,'2018-08-03 18:03:02','192.168.234.129','Firefox','download.cdn.mozilla.net','firefox-60.0.1-61.0.1.partial.mar','uninstaller.exe','22d830f993345b50e35e506f7491322cb5ceab8f1ecfb8124ce933972930f37b55599814e41b3eaf3d4531d5d8bdc939ef3f5133d74bd2617ba818b6119bd358','',NULL,NULL,NULL),(69,'2018-08-03 18:03:02','192.168.234.129','Firefox','download.cdn.mozilla.net','firefox-60.0.1-61.0.1.partial.mar','Un_A.exe','22d830f993345b50e35e506f7491322cb5ceab8f1ecfb8124ce933972930f37b55599814e41b3eaf3d4531d5d8bdc939ef3f5133d74bd2617ba818b6119bd358','',NULL,NULL,NULL);
/*!40000 ALTER TABLE `package` ENABLE KEYS */;
UNLOCK TABLES;
/*!40103 SET TIME_ZONE=@OLD_TIME_ZONE */;

/*!40101 SET SQL_MODE=@OLD_SQL_MODE */;
/*!40014 SET FOREIGN_KEY_CHECKS=@OLD_FOREIGN_KEY_CHECKS */;
/*!40014 SET UNIQUE_CHECKS=@OLD_UNIQUE_CHECKS */;
/*!40101 SET CHARACTER_SET_CLIENT=@OLD_CHARACTER_SET_CLIENT */;
/*!40101 SET CHARACTER_SET_RESULTS=@OLD_CHARACTER_SET_RESULTS */;
/*!40101 SET COLLATION_CONNECTION=@OLD_COLLATION_CONNECTION */;
/*!40111 SET SQL_NOTES=@OLD_SQL_NOTES */;

-- Dump completed on 2018-08-31 10:13:40
